{
  "problem": "car lateral (bicycle)",
  "gamma_star": 6.281929189208217e-05,
  "gamma_used": 8.166507945970682e-05,
  "hinf_norm": {
    "LQR": 0.00010425211086465873,
    "Hinf_game": 7.755478629149957e-05,
    "reduction_pct": 25.608425912658905
  },
  "K_lqr": [
    [
      -0.2803691422408092,
      1.909212434507313
    ]
  ],
  "K_hinf": [
    [
      -1.2975453548774363,
      3.5212904883066543
    ]
  ],
  "peak_freq": {
    "LQR": 0.0,
    "Hinf_game": 0.0
  },
  "gif": "/home/user/PyDiffGame/benchmarks/results/robust_car_lateral_(bicycle).gif",
  "time_domain_peak": {
    "LQR": 1.2256652256362305e-06,
    "Hinf_game": 8.71798676283827e-07
  }
}