{
  "problem": "quadrotor (planar)",
  "gamma_star": 0.25717724754457033,
  "gamma_used": 0.3343304218079414,
  "hinf_norm": {
    "LQR": 0.425077221857192,
    "Hinf_game": 0.3168241608550064,
    "reduction_pct": 25.46668121364405
  },
  "K_lqr": [
    [
      -9.999999999999975,
      -5.820684973267505,
      11.713323230209962,
      1.1349659692973932
    ]
  ],
  "K_hinf": [
    [
      -25.79009923066758,
      -14.47336969759918,
      23.48179449578156,
      1.2672825498946267
    ]
  ],
  "peak_freq": {
    "LQR": 3.486823214564186,
    "Hinf_game": 3.9576923455706474
  },
  "gif": "/home/user/PyDiffGame/benchmarks/results/robust_quadrotor_(planar).gif",
  "time_domain_peak": {
    "LQR": 0.08284621714962377,
    "Hinf_game": 0.060487029670540954
  }
}