{
  "problem": "seismic building",
  "gamma_star": 0.10431154572501766,
  "gamma_used": 0.13560500944252296,
  "hinf_norm": {
    "LQR": 0.16871246070141405,
    "Hinf_game": 0.12825128276783543,
    "reduction_pct": 23.98232932254274
  },
  "time_domain_peak": {
    "LQR": 0.020410232660541965,
    "Hinf_game": 0.0130282574818085
  },
  "K_lqr": [
    [
      181.77252796865207,
      18.227472031347226,
      18.597438595914834,
      19.514543583350527
    ]
  ],
  "K_hinf": [
    [
      299.07844028002705,
      -0.023432504956109355,
      29.955707026277807,
      45.93079073691912
    ]
  ],
  "peak_freq": {
    "LQR": 8.37344979979981,
    "Hinf_game": 8.131036199567683
  }
}