{
  "problem": "inverted pendulum",
  "gamma_star": 1.0000013220742012,
  "gamma_used": 1.3000017186964616,
  "hinf_norm": {
    "LQR": 1.9201405605092932,
    "Hinf_game": 1.2532924110708585,
    "reduction_pct": 34.729131978836044
  },
  "K_lqr": [
    [
      -2.2360679774997907,
      -2.7834414720856366,
      22.617662652336836,
      4.1652730300153396
    ]
  ],
  "K_hinf": [
    [
      -3.4994756582289024,
      -5.083623871146287,
      49.501066487369435,
      9.135981581454779
    ]
  ],
  "peak_freq": {
    "LQR": 3.1006054448550406,
    "Hinf_game": 2.7450647278133102
  },
  "gif": "/home/user/PyDiffGame/benchmarks/results/robust_inverted_pendulum.gif",
  "time_domain_peak": {
    "LQR": 0.10076324518339566,
    "Hinf_game": 0.03087601112051268
  }
}