{
  "problem": "car cruise control",
  "gamma_star": 0.008944276699482466,
  "gamma_used": 0.011627559709327205,
  "hinf_norm": {
    "LQR": 0.010673848715957687,
    "Hinf_game": 0.009863224605822112,
    "reduction_pct": 7.594487534038879
  },
  "K_lqr": [
    [
      60.31753823739806,
      0.02971721275183147
    ]
  ],
  "K_hinf": [
    [
      82.83866799351692,
      0.041204865945569706
    ]
  ],
  "peak_freq": {
    "LQR": 0.0,
    "Hinf_game": 0.0
  },
  "gif": "/home/user/PyDiffGame/benchmarks/results/robust_car_cruise_control.gif",
  "time_domain_peak": {
    "LQR": 0.00019673706074152663,
    "Hinf_game": 0.00017523199739339607
  }
}