{
  "problem": "gantry crane",
  "gamma_star": 0.9492644334458011,
  "gamma_used": 1.2340437634795416,
  "hinf_norm": {
    "LQR": 1.2007229558248795,
    "Hinf_game": 1.099504383965642,
    "reduction_pct": 8.429802342681276
  },
  "time_domain_peak": {
    "LQR": 0.26278120656398896,
    "Hinf_game": 0.25245027147368465
  },
  "K_lqr": [
    [
      3.1622776601683835,
      -6.054630129076849,
      3.6592735409546866,
      -0.6341884163113243
    ]
  ],
  "K_hinf": [
    [
      4.670477677705773,
      -12.014512304364036,
      6.3681837002734,
      0.5837657605271238
    ]
  ],
  "peak_freq": {
    "LQR": 1.0682632812204738,
    "Hinf_game": 1.031359765522346
  }
}