{
  "problem": "inverted pendulum",
  "gamma_star": 1.0000351352774621,
  "gamma_used": 1.3000456758607009,
  "hinf_norm": {
    "LQR": 1.9201405605116975,
    "Hinf_game": 1.2533230180974606,
    "reduction_pct": 34.72753797964337
  },
  "K_lqr": [
    [
      -2.2360679774997907,
      -2.7834414720856366,
      22.617662652336836,
      4.1652730300153396
    ]
  ],
  "K_hinf": [
    [
      -3.4993041903136355,
      -5.083282690774218,
      49.49674076666037,
      9.135183265582025
    ]
  ],
  "peak_freq": {
    "LQR": 3.100612255054555,
    "Hinf_game": 2.745099473310636
  },
  "gif": "/home/user/PyDiffGame/benchmarks/results/robust_inverted_pendulum.gif",
  "time_domain_peak": {
    "LQR": 0.10076433811273747,
    "Hinf_game": 0.030879506068492508
  }
}