{
  "problem": "quadrotor (planar)",
  "gamma_star": 0.25717562991923776,
  "gamma_used": 0.3343283188950091,
  "hinf_norm": {
    "LQR": 0.4250772218566489,
    "Hinf_game": 0.31682294989426296,
    "reduction_pct": 25.466966093726175
  },
  "K_lqr": [
    [
      -9.999999999999975,
      -5.820684973267505,
      11.713323230209962,
      1.1349659692973932
    ]
  ],
  "K_hinf": [
    [
      -25.790588283958318,
      -14.47363667724045,
      23.482155728899087,
      1.2672866093810813
    ]
  ],
  "peak_freq": {
    "LQR": 3.4868308983409215,
    "Hinf_game": 3.9576714062692564
  },
  "gif": "/home/user/PyDiffGame/benchmarks/results/robust_quadrotor_(planar).gif",
  "time_domain_peak": {
    "LQR": 0.08284551153384107,
    "Hinf_game": 0.06048283006427068
  }
}