{
  "problem": "active suspension",
  "gamma_star": 10.081951688038439,
  "gamma_used": 13.10653719444997,
  "hinf_norm": {
    "LQR": 13.971653010636155,
    "Hinf_game": 11.983988281034783,
    "reduction_pct": 14.226410633646775
  },
  "time_domain_peak": {
    "LQR": 0.003724670023531179,
    "Hinf_game": 0.0038136413169093442
  },
  "K_lqr": [
    [
      19440.09029333881,
      9655.354492963566,
      -7796.245514794702,
      102.05745127753433
    ]
  ],
  "K_hinf": [
    [
      40577.40396821855,
      10412.311459940704,
      11276.42662712662,
      130.85320986255167
    ]
  ],
  "peak_freq": {
    "LQR": 0.0,
    "Hinf_game": 0.0
  }
}