{
  "problem": "flexible two-mass",
  "gamma_star": 0.5219474373490056,
  "gamma_used": 0.6785316685537073,
  "hinf_norm": {
    "LQR": 0.8279153896032186,
    "Hinf_game": 0.6417267425889257,
    "reduction_pct": 22.488849627922065
  },
  "time_domain_peak": {
    "LQR": 0.7942388722854705,
    "Hinf_game": 0.5991781933567996
  },
  "K_lqr": [
    [
      6.93028373151755,
      3.0697162684824706,
      3.7996155968856264,
      9.564727807500194
    ]
  ],
  "K_hinf": [
    [
      15.827246355542664,
      11.166640483037268,
      6.845377936125109,
      24.84292604566893
    ]
  ],
  "peak_freq": {
    "LQR": 1.7129792957413699,
    "Hinf_game": 1.8404999475284334
  }
}