{
  "problem": "mass-spring-damper",
  "gamma_star": 0.3147125443442001,
  "gamma_used": 0.40912630764746016,
  "hinf_norm": {
    "LQR": 0.4564338605722403,
    "Hinf_game": 0.37457196313063557,
    "reduction_pct": 17.93510615951516
  },
  "K_lqr": [
    [
      2.316624790355397,
      1.9617700110582479
    ]
  ],
  "K_hinf": [
    [
      3.084693703915393,
      3.449297509609626
    ]
  ],
  "peak_freq": {
    "LQR": 1.379729283218972,
    "Hinf_game": 1.2907228216016464
  },
  "gif": "/home/user/PyDiffGame/benchmarks/results/robust_mass-spring-damper.gif",
  "time_domain_peak": {
    "LQR": 0.3029922437839502,
    "Hinf_game": 0.18821187316205712
  }
}