{
  "problem": "cart with disturbance",
  "gamma_star": 1.0000351352774621,
  "gamma_used": 1.3000456758607009,
  "hinf_norm": {
    "LQR": 1.5537739740299292,
    "Hinf_game": 1.2142971275860268,
    "reduction_pct": 21.848534736582177
  },
  "K_lqr": [
    [
      0.9999999999999991,
      1.4142135623730945
    ]
  ],
  "K_hinf": [
    [
      1.5649364086983049,
      2.7685988859955697
    ]
  ],
  "peak_freq": {
    "LQR": 0.6435945673556862,
    "Hinf_game": 0.5758210316029738
  },
  "gif": "/home/user/PyDiffGame/benchmarks/results/robust_cart_with_disturbance.gif",
  "time_domain_peak": {
    "LQR": 0.92387891157316,
    "Hinf_game": 0.4943951064871477
  }
}