{
  "problem": "DC motor servo",
  "gamma_star": 10.980022030526028,
  "gamma_used": 14.274028639683836,
  "hinf_norm": {
    "LQR": 17.296058975135242,
    "Hinf_game": 13.44815793988621,
    "reduction_pct": 22.247270553255873
  },
  "time_domain_peak": {
    "LQR": 0.06835672989529255,
    "Hinf_game": 0.04731661998635981
  },
  "K_lqr": [
    [
      9.999999999999995,
      0.9915365607136212,
      0.4112181123814849
    ]
  ],
  "K_hinf": [
    [
      21.287265345666516,
      2.114976965051649,
      0.9141140631855776
    ]
  ],
  "peak_freq": {
    "LQR": 0.0,
    "Hinf_game": 0.0
  }
}