{
  "problem": "PVTOL aircraft",
  "gamma_star": 0.04213414057889932,
  "gamma_used": 0.054774382752569115,
  "hinf_norm": {
    "LQR": 0.07086609466413911,
    "Hinf_game": 0.052006944156754456,
    "reduction_pct": 26.61237450259565
  },
  "time_domain_peak": {
    "LQR": 0.026393227497401372,
    "Hinf_game": 0.017447742530219003
  },
  "K_lqr": [
    [
      9.67235629446073e-16,
      7.071067811865479,
      -2.4242717747438893e-16,
      2.7517694498858087e-16,
      7.521206186172807,
      -1.3896218368548458e-17
    ],
    [
      -7.071067811865425,
      -1.958521382432499e-15,
      7.703462213976823,
      -3.33246789074535,
      -1.170207862614607e-15,
      0.8554699938208222
    ]
  ],
  "K_hinf": [
    [
      0.0,
      7.0710678118654835,
      0.0,
      0.0,
      7.521206186172793,
      0.0
    ],
    [
      -18.26248868666721,
      0.0,
      14.326545300476221,
      -8.277826909140364,
      0.0,
      1.297338754551041
    ]
  ],
  "peak_freq": {
    "LQR": 2.68072987499654,
    "Hinf_game": 2.9070099919498906
  }
}