{
  "problem": "aircraft short-period",
  "gamma_star": 0.983325139907662,
  "gamma_used": 1.2783226818799607,
  "hinf_norm": {
    "LQR": 1.3746310468235325,
    "Hinf_game": 1.170171330134972,
    "reduction_pct": 14.873788654855534
  },
  "K_lqr": [
    [
      -1.9192485657297682,
      -1.101694013041355
    ]
  ],
  "K_hinf": [
    [
      -3.803027840769567,
      -1.306438797198067
    ]
  ],
  "peak_freq": {
    "LQR": 0.0,
    "Hinf_game": 0.0
  },
  "gif": "/home/user/PyDiffGame/benchmarks/results/robust_aircraft_short-period.gif",
  "time_domain_peak": {
    "LQR": 0.0041898789260997145,
    "Hinf_game": 0.003072391218185871
  }
}