{
  "problem": "gantry crane",
  "gamma_star": 0.6915721967264243,
  "gamma_used": 0.8990438557443516,
  "hinf_norm": {
    "LQR": 0.9405707611805053,
    "Hinf_game": 0.8006515617658264,
    "reduction_pct": 14.875988621958337
  },
  "time_domain_peak": {
    "LQR": 0.2114530782211313,
    "Hinf_game": 0.14612209080118096
  },
  "K_lqr": [
    [
      3.162277660168391,
      -9.71246996218133,
      2.8061103154602067,
      -2.2682857318245766
    ]
  ],
  "K_hinf": [
    [
      3.3693871546002008,
      -14.30945727631706,
      3.2277097295720036,
      -3.107669337871828
    ]
  ],
  "peak_freq": {
    "LQR": 3.976607855213882,
    "Hinf_game": 3.9059069699269076
  }
}