{
  "problem": "cart (double integrator)",
  "gamma_star": 1.0000006610368821,
  "gamma_used": 1.3000008593479468,
  "hinf_norm": {
    "LQR": 1.5537739740194108,
    "Hinf_game": 1.2142747898188275,
    "reduction_pct": 21.84997238191235
  },
  "time_domain_peak": {
    "LQR": 0.9238778409746432,
    "Hinf_game": 0.4943695568134366
  },
  "K_lqr": [
    [
      0.9999999999999991,
      1.4142135623730945
    ]
  ],
  "K_hinf": [
    [
      1.5650145907949367,
      2.768806361744609
    ]
  ],
  "peak_freq": {
    "LQR": 0.6435973629344551,
    "Hinf_game": 0.5758099547136429
  }
}